tweet_id,term,pos,pos_fre,neg_fre,label
0,sampah,n,3,1,0
2,cek,n,2,0,0
2,tolong,v,5,0,0
3,hilang,v,0,10,0
4,malam,n,0,1,1
4,maaf,n,0,1,1
4,salam,n,3,0,1
5,maaf,n,0,1,1
5,manual,adj,0,1,1
5,cara,n,7,0,1
6,lambat,adj,0,3,0
6,canda,n,1,0,0
6,lambat,adj,0,3,0
7,kali,n,1,0,0
7,gagal,v,0,11,0
8,cantik,adj,15,0,1
8,manual,adj,0,1,1
8,sukses,adj,1,0,1
10,tolong,v,5,0,0
10,tolong,v,5,0,0
11,kenan,v,0,1,1
12,maaf,n,0,1,1
13,gagal,v,0,11,0
14,aktif,adj,6,2,0
16,cek,n,2,0,1
17,jalan,n,1,1,0
18,mohon,v,1,0,1
18,maaf,n,0,1,1
18,aplikasi,n,1,0,1
18,jalan,n,1,1,1
19,maaf,n,0,1,1
19,nyaman,adj,3,1,1
19,cek,n,2,0,1
19,nama,n,1,0,1
20,selamat,adj,3,2,0
20,hilang,v,0,10,0
21,tolong,v,5,0,1
21,cek,n,2,0,1
24,air,n,1,0,1
24,maaf,n,0,1,1
24,potong,n,1,1,1
24,nama,n,1,0,1
24,sisa,n,0,1,1
25,maaf,n,0,1,1
25,cek,n,2,0,1
25,nama,n,1,0,1
26,cek,n,2,0,1
27,maaf,n,0,1,1
27,nyaman,adj,3,1,1
28,maaf,n,0,1,1
28,nyaman,adj,3,1,1
28,manual,adj,0,1,1
29,maaf,n,0,1,1
29,alam,n,1,1,1
29,nama,n,1,0,1
29,aktif,adj,6,2,1
29,nama,n,1,0,1
30,sisa,n,0,1,0
31,normal,adj,2,2,1
31,tahu,v,4,0,1
32,bulan,n,1,0,0
32,hilang,v,0,10,0
33,kena,v,0,1,0
34,mohon,v,1,0,1
34,maaf,n,0,1,1
34,aplikasi,n,1,0,1
34,jalan,n,1,1,1
35,jalan,n,1,1,1
36,maaf,n,0,1,1
36,manual,adj,0,1,1
36,masuk,v,1,0,1
37,mohon,v,1,0,1
37,maaf,n,0,1,1
37,mohon,v,1,0,1
37,sisa,n,0,1,1
37,aktif,adj,6,2,1
38,problem,n,0,1,1
39,baik,adj,12,0,1
39,nama,n,1,0,1
39,jalan,n,1,1,1
40,maaf,n,0,1,1
40,baca,v,1,0,1
40,respons,n,1,0,1
41,buruk,adj,0,18,1
41,kasih,n,4,0,1
41,wilayah,n,3,1,1
43,mohon,v,1,0,1
43,cek,n,2,0,1
43,balas,v,0,1,1
43,salam,n,3,0,1
44,maaf,n,0,1,1
44,manual,adj,0,1,1
44,cara,n,7,0,1
45,mohon,v,1,0,1
45,maaf,n,0,1,1
46,not,n,1,1,0
47,mohon,v,1,0,1
47,maaf,n,0,1,1
47,alam,n,1,1,1
47,saat,n,1,1,1
49,mohon,v,1,0,1
49,waktu,n,4,1,1
49,jadi,v,1,1,1
49,tanggal,v,1,0,1
50,maaf,n,0,1,1
50,manual,adj,0,1,1
50,masuk,v,1,0,1
52,mohon,v,1,0,0
52,buka,v,1,2,0
52,salah,v,0,2,0
53,hilang,v,0,10,0
53,putus,v,1,2,0
54,wilayah,n,3,1,0
57,tolong,v,5,0,0
57,hilang,v,0,10,0
57,bagus,adj,12,0,0
60,maaf,n,0,1,1
60,nyaman,adj,3,1,1
61,ganggu,v,0,3,0
61,mode,n,1,0,0
61,tukar,v,1,1,0
61,normal,adj,2,2,0
62,mohon,v,1,0,0
62,jelas,adj,15,3,0
63,cek,n,2,0,1
64,sama,v,1,0,0
64,menang,v,1,0,0
64,bintang,n,1,0,0
68,maaf,n,0,1,1
68,nyaman,adj,3,1,1
69,sayang,adj,3,1,0
69,pas,n,1,0,0
69,ganggu,v,0,3,0
70,muncul,v,3,2,0
70,mohon,v,1,0,0
71,sabar,adj,3,0,0
72,ganggu,v,0,3,0
72,jalan,n,1,1,0
73,hari,n,4,0,0
73,sela,n,1,0,0
74,jelek,adj,1,2,0
76,jelek,adj,1,2,0
77,cek,n,2,0,1
77,aplikasi,n,1,0,1
78,tolong,v,5,0,0
78,cek,n,2,0,0
79,kasih,n,4,0,1
80,suka,adj,3,1,0
80,hilang,v,0,10,0
82,ada,v,5,0,0
82,hilang,v,0,10,0
82,muncul,v,3,2,0
83,maaf,n,0,1,1
83,alam,n,1,1,1
84,gagal,v,0,11,0
85,maaf,n,0,1,0
86,maaf,n,0,1,1
86,nyaman,adj,3,1,1
86,manual,adj,0,1,1
87,kasih,n,4,0,1
87,sukses,adj,1,0,1
87,salam,n,3,0,1
88,selamat,adj,3,2,1
88,kasih,n,4,0,1
90,aktif,adj,6,2,0
90,tunggu,v,0,1,0
90,kasih,n,4,0,0
92,cek,n,2,0,0
95,jelek,adj,1,2,0
96,tolong,v,5,0,0
98,ubah,v,0,1,1
100,batang,n,0,1,0
100,timbul,v,3,1,0
101,batang,n,0,1,0
101,muncul,v,3,2,0
102,tinggal,v,2,1,1
103,cerita,n,0,1,0
104,hilang,v,0,10,0
105,tolong,v,5,0,0
105,cek,n,2,0,0
107,ganggu,v,0,3,0
108,maaf,n,0,1,1
108,abai,adj,0,1,1
110,ganggu,v,0,3,0
111,mohon,v,1,0,0
111,cek,n,2,0,0
111,hilang,v,0,10,0
111,raib,v,0,2,0
111,isi,n,1,0,0
113,mohon,v,1,0,1
113,maaf,n,0,1,1
113,cek,n,2,0,1
114,tolong,v,5,0,0
114,kredit,n,1,0,0
114,isi,n,1,0,0
114,utama,adj,12,1,0
114,potong,n,1,1,0
115,tingkat,n,1,1,1
116,maaf,n,0,1,1
116,alam,n,1,1,1
116,nama,n,1,0,1
116,jalan,n,1,1,1
117,maaf,n,0,1,1
117,pasti,adj,6,6,1
117,isi,n,1,0,1
118,tolong,v,5,0,0
118,isi,n,1,0,0
118,teliti,adj,10,1,0
119,stabil,adj,1,3,0
119,kerja,n,3,1,0
120,daerah,n,4,2,0
122,mohon,v,1,0,1
122,maaf,n,0,1,1
122,alam,n,1,1,1
122,saat,n,1,1,1
123,balas,v,0,1,1
123,cek,n,2,0,1
123,salam,n,3,0,1
124,tolong,v,5,0,0
124,tolong,v,5,0,0
125,balas,v,0,1,1
125,cek,n,2,0,1
125,salam,n,3,0,1
126,mohon,v,1,0,1
126,maaf,n,0,1,1
126,alam,n,1,1,1
126,saat,n,1,1,1
127,kondisi,n,1,0,1
127,kualitas,n,3,0,1
128,panas,adj,5,6,0
128,pasang,n,1,0,0
130,wilayah,n,3,1,0
130,lancar,adj,2,2,0
130,jaya,adj,1,0,0
130,lambat,adj,0,3,0
131,suka,adj,3,1,0
131,tolong,v,5,0,0
132,kaget,adj,0,1,0
132,makan,v,9,5,0
132,lumayan,adj,3,2,0
132,gede,adj,3,0,0
132,aplikasi,n,1,0,0
132,maklum,v,3,0,0
133,wahyu,n,1,1,1
133,maaf,n,0,1,1
133,nyaman,adj,3,1,1
133,tutup,n,0,1,1
133,aplikasi,n,1,0,1
134,maaf,n,0,1,1
134,alam,n,1,1,1
134,manual,adj,0,1,1
135,tolong,v,5,0,0
135,cek,n,2,0,0
136,niat,n,0,1,0
136,main,v,3,0,0
136,curang,adj,0,1,0
137,potong,n,1,1,0
137,sampai,v,2,1,0
137,kecewa,adj,0,3,0
139,manual,adj,0,1,0
139,hasil,n,3,2,0
140,kali,n,1,0,0
140,normal,adj,2,2,0
141,lambat,adj,0,3,0
141,sama,v,1,0,0
143,telat,adj,0,1,0
143,niat,n,0,1,0
144,gagal,v,0,11,0
147,banyak,adj,7,5,1
148,misteri,n,1,0,0
148,pecah,n,0,1,0
150,misteri,n,1,0,0
150,pecah,n,0,1,0
151,beda,n,0,1,1
152,baik,adj,12,0,1
152,maaf,n,0,1,1
152,nyaman,adj,3,1,1
152,manual,adj,0,1,1
152,cara,n,7,0,1
153,curang,adj,0,1,0
153,main,v,3,0,0
154,sayang,adj,3,1,0
154,set,n,1,0,0
155,lengkap,adj,3,0,1
155,balas,v,0,1,1
155,cek,n,2,0,1
155,salam,n,3,0,1
156,curang,adj,0,1,0
157,buka,v,1,2,0
159,maaf,n,0,1,1
159,saat,n,1,1,1
159,mohon,v,1,0,1
159,tunggu,v,0,1,1
161,bonus,n,1,0,1
162,makan,v,9,5,1
162,wakil,n,1,0,1
164,mohon,v,1,0,1
164,maaf,n,0,1,1
164,alam,n,1,1,1
164,saat,n,1,1,1
165,migrasi,n,0,1,0
165,wakil,n,1,0,0
166,baik,adj,12,0,1
166,maaf,n,0,1,1
166,nyaman,adj,3,1,1
166,manual,adj,0,1,1
166,cara,n,7,0,1
168,baik,adj,12,0,1
169,selamat,adj,3,2,0
169,turun,v,1,6,0
170,aktif,adj,6,2,0
170,aktif,adj,6,2,0
171,curang,adj,0,1,0
171,curang,adj,0,1,0
172,banyak,adj,7,5,0
172,susah,adj,2,10,0
173,mohon,v,1,0,1
173,cek,n,2,0,1
173,lupa,v,1,1,1
173,jaga,v,4,4,1
174,cek,n,2,0,1
175,cek,n,2,0,1
176,mohon,v,1,0,1
176,cek,n,2,0,1
179,rela,v,2,0,0
180,utama,adj,12,1,1
181,lambat,adj,0,3,0
182,tiba,v,2,1,0
182,tiba,v,2,1,0
182,ada,v,5,0,0
182,ikut,v,3,1,0
183,aplikasi,n,1,0,0
183,faedah,n,3,0,0
184,baik,adj,12,0,1
184,renda,n,0,1,1
184,mohon,v,1,0,1
184,maaf,n,0,1,1
184,alam,n,1,1,1
184,nama,n,1,0,1
185,maaf,n,0,1,1
185,alam,n,1,1,1
185,salam,n,3,0,1
187,maaf,n,0,1,0
187,utama,adj,12,1,0
188,tiket,n,1,0,0
188,baik,adj,12,0,0
189,maaf,n,0,1,1
189,alam,n,1,1,1
189,lengkap,adj,3,0,1
190,cek,n,2,0,1
194,balas,v,0,1,0
194,bawah,n,0,1,0
194,mas,n,0,1,0
196,ganggu,v,0,3,0
197,maaf,n,0,1,1
197,alam,n,1,1,1
198,tolong,v,5,0,0
199,mohon,v,1,0,1
199,maaf,n,0,1,1
199,dekat,adj,2,2,1
200,masuk,v,1,0,0
200,tolong,v,5,0,0
200,stop,n,1,0,0
201,jelek,adj,1,2,0
202,tolong,v,5,0,1
202,cek,n,2,0,1
204,tahu,v,4,0,1
207,sama,v,1,0,0
209,maaf,n,0,1,1
209,aplikasi,n,1,0,1
209,tutup,n,0,1,1
209,aplikasi,n,1,0,1
209,jalan,n,1,1,1
209,sama,v,1,0,1
209,mas,n,0,1,1
210,mohon,v,1,0,1
210,tunggu,v,0,1,1
211,selamat,adj,3,2,0
213,beda,n,0,1,0
213,buka,v,1,2,0
213,isi,n,1,0,0
214,maaf,n,0,1,1
214,alam,n,1,1,1
215,beda,n,0,1,1
217,salam,n,3,0,1
218,tunggu,v,0,1,0
218,modal,n,1,0,0
218,bacot,n,0,1,0
219,becus,adj,1,0,0
219,usaha,n,5,3,0
219,modal,n,1,0,0
219,bacot,n,0,1,0
219,busuk,adj,0,9,0
220,kek,n,0,1,0
220,ada,v,5,0,0
220,ribut,adj,1,1,0
221,cek,n,2,0,1
222,kacau,adj,1,4,0
223,buruk,adj,0,18,0
224,manual,adj,0,1,1
224,ubah,v,0,1,1
225,cek,n,2,0,1
225,tunggu,v,0,1,1
225,salam,n,3,0,1
227,balas,v,0,1,1
227,cek,n,2,0,1
227,salam,n,3,0,1
228,liat,adj,1,4,1
229,lambat,adj,0,3,0
229,ada,v,5,0,0
230,maaf,n,0,1,1
230,agar,k,1,0,1
230,cek,n,2,0,1
231,selamat,adj,3,2,0
231,malam,n,0,1,0
231,kali,n,1,0,0
231,cek,n,2,0,0
231,muncul,v,3,2,0
233,bapuk,n,1,0,0
235,banyak,adj,7,5,0
235,harga,n,1,0,0
236,gendeng,adj,0,2,0
236,mending,adj,2,0,0
237,kualitas,n,3,0,0
238,ambil,v,1,0,1
238,pasang,n,1,0,1
239,tolong,v,5,0,0
239,cek,n,2,0,0
241,larang,v,1,0,0
242,malam,n,0,1,0
242,kaya,adj,2,2,0
242,jelek,adj,1,2,0
242,kualitas,n,3,0,0
243,cocok,v,2,1,1
245,lambat,adj,0,3,0
245,padam,adj,1,3,0
246,maaf,n,0,1,1
246,mohon,v,1,0,1
246,nama,n,1,0,1
248,maaf,n,0,1,1
248,agar,k,1,0,1
248,cek,n,2,0,1
249,kucing,n,1,0,0
250,gada,n,1,0,0
251,betul,adj,8,1,1
251,anak,n,2,1,1
251,ganggu,v,0,3,1
251,manfaat,n,1,0,1
254,mohon,v,1,0,1
254,maaf,n,0,1,1
257,maaf,n,0,1,1
257,alam,n,1,1,1
257,mohon,v,1,0,1
259,malam,n,0,1,0
259,utama,adj,12,1,0
259,habis,v,2,0,0
260,maaf,n,0,1,1
260,alam,n,1,1,1
260,nama,n,1,0,1
261,beda,n,0,1,1
264,waktu,n,4,1,0
264,cepat,adj,9,3,0
266,baik,adj,12,0,1
267,balas,v,0,1,1
267,cek,n,2,0,1
267,salam,n,3,0,1
268,balas,v,0,1,1
268,cek,n,2,0,1
268,salam,n,3,0,1
269,isi,n,1,0,0
269,manual,adj,0,1,0
271,maaf,n,0,1,1
271,alam,n,1,1,1
271,manual,adj,0,1,1
272,busuk,adj,0,9,0
274,rusak,adj,0,1,0
274,jadi,v,1,1,0
275,kucing,n,1,0,0
276,kasihan,n,0,3,0
276,liat,adj,1,4,0
277,tera,n,1,0,0
278,bagus,adj,12,0,1
278,daerah,n,4,2,1
278,cepat,adj,9,3,1
279,gagal,v,0,11,0
279,agen,n,1,0,0
280,kondisi,n,1,0,1
280,seri,n,1,0,1
281,cek,n,2,0,1
282,isi,n,1,0,0
282,proses,n,0,1,0
283,maaf,n,0,1,1
283,cek,n,2,0,1
284,tarik,v,0,1,1
284,harga,n,1,0,1
285,cek,n,2,0,0
285,cepat,adj,9,3,0
285,batas,n,1,1,0
285,normal,adj,2,2,0
291,tolong,v,5,0,0
291,daerah,n,4,2,0
291,habis,v,2,0,0
291,hujan,n,0,1,0
291,parah,adj,1,4,0
291,jelek,adj,1,2,0
292,cek,n,2,0,1
293,bayu,n,0,1,1
293,mohon,v,1,0,1
293,maaf,n,0,1,1
293,kondisi,n,1,0,1
293,nama,n,1,0,1
293,lengkap,adj,3,0,1
293,sisa,n,0,1,1
294,maaf,n,0,1,1
296,buruk,adj,0,18,0
297,hormat,adj,2,1,0
298,salam,n,3,0,1
300,parah,adj,1,4,0
301,maaf,n,0,1,1
301,alam,n,1,1,1
301,tutup,n,0,1,1
301,aplikasi,n,1,0,1
302,pas,n,1,0,1
302,cek,n,2,0,1
303,setan,n,0,3,0
303,sian,pron,1,0,0
303,sian,pron,1,0,0
304,beda,n,0,1,0
305,lambat,adj,0,3,0
306,mati,v,1,4,0
306,jelek,adj,1,2,0
307,manual,adj,0,1,1
307,sukses,adj,1,0,1
308,cek,n,2,0,1
309,cek,n,2,0,1
310,buat,v,1,1,0
311,kawan,n,4,0,0
313,potong,n,1,1,0
313,utama,adj,12,1,0
313,mas,n,0,1,0
314,maaf,n,0,1,1
314,alam,n,1,1,1
315,aman,adj,6,4,0
315,dasar,n,3,3,0
316,kena,v,0,1,0
316,angin,n,2,0,0
320,selamat,adj,3,2,1
320,malam,n,0,1,1
320,tolong,v,5,0,1
320,cek,n,2,0,1
320,kasih,n,4,0,1
321,agar,k,1,0,0
321,cepat,adj,9,3,0
322,lambat,adj,0,3,0
323,maaf,n,0,1,1
323,alam,n,1,1,1
323,cek,n,2,0,1
323,nama,n,1,0,1
324,kali,n,1,0,0
326,tolong,v,5,0,1
326,cek,n,2,0,1
327,tolong,v,5,0,0
328,ambil,v,1,0,0
329,nama,n,1,0,1
329,lengkap,adj,3,0,1
330,ganggu,v,0,3,0
331,potong,n,1,1,0
332,cek,n,2,0,1
333,cek,n,2,0,1
337,bebas,v,2,0,0
337,habis,v,2,0,0
338,tolong,v,5,0,0
338,balas,v,0,1,0
339,tolong,v,5,0,1
339,cek,n,2,0,1
340,payah,adj,1,7,0
341,cek,n,2,0,1
343,jelek,adj,1,2,0
343,parah,adj,1,4,0
344,masuk,v,1,0,0
344,lempar,v,1,0,0
345,mohon,v,1,0,1
345,maaf,n,0,1,1
345,alam,n,1,1,1
345,saat,n,1,1,1
348,maaf,n,0,1,1
348,alam,n,1,1,1
348,kena,v,0,1,1
350,lambat,adj,0,3,1
350,sampah,n,3,1,1
350,aplikasi,n,1,0,1
350,stop,n,1,0,1
350,aplikasi,n,1,0,1
350,jalan,n,1,1,1
351,aktif,adj,6,2,0
351,bulan,n,1,0,0
351,tolong,v,5,0,0
352,ganggu,v,0,3,0
352,lambat,adj,0,3,0
353,mohon,v,1,0,1
353,maaf,n,0,1,1
353,alam,n,1,1,1
355,gagal,v,0,11,0
355,kembali,v,1,0,0
356,cek,n,2,0,1
357,maaf,n,0,1,1
357,alam,n,1,1,1
357,masalah,n,2,7,1
357,balas,v,0,1,1
358,cek,n,2,0,1
359,gagal,v,0,11,0
359,muncul,v,3,2,0
359,aplikasi,n,1,0,0
360,lambat,adj,0,3,0
361,kecewa,adj,0,3,0
361,masalah,n,2,7,0
361,baik,adj,12,0,0
362,salam,n,3,0,0
363,maaf,n,0,1,1
363,baca,v,1,0,1
363,sistem,n,2,1,1
365,maaf,n,0,1,1
365,alam,n,1,1,1
365,agar,k,1,0,1
365,mohon,v,1,0,1
366,tolong,v,5,0,0
366,hari,n,4,0,0
366,kek,n,0,1,0
367,cek,n,2,0,1
369,cara,n,7,0,0
371,cek,n,2,0,0
372,kembali,v,1,0,1
372,kasih,n,4,0,1
372,kasih,n,4,0,1
376,isi,n,1,0,0
376,utama,adj,12,1,0
376,aktif,adj,6,2,0
376,tolong,v,5,0,0
378,ubah,v,0,1,0
380,maaf,n,0,1,1
380,manual,adj,0,1,1
380,cara,n,7,0,1
381,bahkan,k,3,1,0
382,buka,v,1,2,0
382,baca,v,1,0,0
385,maaf,n,0,1,1
387,ragu,adj,1,0,1
388,masuk,v,1,0,0
389,parah,adj,1,4,0
389,tangan,n,2,0,0
390,baik,adj,12,0,1
390,kasih,n,4,0,1
390,mohon,v,1,0,1
390,tunggu,v,0,1,1
390,salam,n,3,0,1
391,potong,n,1,1,0
391,sukses,adj,1,0,0
393,mohon,v,1,0,1
393,maaf,n,0,1,1
393,alam,n,1,1,1
393,saat,n,1,1,1
394,balas,v,0,1,0
396,cek,n,2,0,0
397,maaf,n,0,1,1
397,batas,n,1,1,1
397,cek,n,2,0,1
397,salam,n,3,0,1
398,hilang,v,0,10,0
399,maaf,n,0,1,1
399,alam,n,1,1,1
399,manual,adj,0,1,1
401,siap,v,2,0,0
402,sama,v,1,0,1
405,cek,n,2,0,1
406,tolong,v,5,0,1
406,cek,n,2,0,1
410,baik,adj,12,0,1
410,cek,n,2,0,1
410,mohon,v,1,0,1
410,tunggu,v,0,1,1
412,balas,v,0,1,1
412,lupa,v,1,1,1
412,jaga,v,4,4,1
412,sehat,adj,2,0,1
413,tolong,v,5,0,0
413,cek,n,2,0,0
414,tolong,v,5,0,0
414,balas,v,0,1,0
415,bingung,adj,0,6,0
416,cek,n,2,0,1
417,cek,n,2,0,1
417,aktif,adj,6,2,1
417,pasti,adj,6,6,1
418,balas,v,0,1,1
418,lupa,v,1,1,1
418,jaga,v,4,4,1
418,sehat,adj,2,0,1
419,cek,n,2,0,0
419,gagal,v,0,11,0
420,tolong,v,5,0,0
420,duri,n,1,0,0
423,maaf,n,0,1,1
423,cek,n,2,0,1
423,nama,n,1,0,1
423,aktif,adj,6,2,1
424,mohon,v,1,0,1
424,waktu,n,4,1,1
424,jadi,v,1,1,1
424,tanggal,v,1,0,1
425,maaf,n,0,1,1
425,manual,adj,0,1,1
425,masuk,v,1,0,1
426,malam,n,0,1,0
427,kena,v,0,1,0
427,ban,n,1,0,0
427,bom,n,0,1,0
428,salam,n,3,0,1
429,cek,n,2,0,1
430,maaf,n,0,1,1
430,nama,n,1,0,1
430,alamat,n,0,1,1
430,tanggal,v,1,0,1
431,tolong,v,5,0,0
432,cek,n,2,0,1
433,konyol,adj,1,0,0
436,cek,n,2,0,1
437,ubah,v,0,1,0
438,kerja,n,3,1,0
438,mati,v,1,4,0
439,ki,n,1,0,0
440,cek,n,2,0,1
441,kembang,v,3,0,0
442,maaf,n,0,1,1
442,alam,n,1,1,1
442,rasa,n,5,3,1
442,cek,n,2,0,1
442,balas,v,0,1,1
443,maaf,n,0,1,1
443,nyaman,adj,3,1,1
443,mohon,v,1,0,1
447,tolong,v,5,0,1
447,cek,n,2,0,1
449,cek,n,2,0,1
450,maaf,n,0,1,1
450,alam,n,1,1,1
450,rasa,n,5,3,1
450,cek,n,2,0,1
450,balas,v,0,1,1
452,maaf,n,0,1,1
452,nama,n,1,0,1
453,kentang,n,0,1,0
453,kali,n,1,0,0
454,maaf,n,0,1,0
454,kaya,adj,2,2,0
454,kasih,n,4,0,0
455,maaf,n,0,1,1
456,babi,n,1,2,0
456,gulung,n,1,0,0
456,babi,n,1,2,0
457,mohon,v,1,0,1
457,maaf,n,0,1,1
459,maaf,n,0,1,1
459,agar,k,1,0,1
459,cek,n,2,0,1
460,hobi,n,2,0,0
461,tolong,v,5,0,0
462,baik,adj,12,0,0
462,aplikasi,n,1,0,0
462,ada,v,5,0,0
463,salam,n,3,0,1
464,menang,v,1,0,0
464,tolong,v,5,0,0
465,lengkap,adj,3,0,0
465,cek,n,2,0,0
465,lengkap,adj,3,0,0
466,buruk,adj,0,18,0
466,alam,n,1,1,0
467,salam,n,3,0,1
468,waspada,adj,7,0,0
468,mandiri,adj,0,1,0
468,beda,n,0,1,0
468,bentuk,n,1,1,0
468,garis,n,0,1,0
469,waspada,adj,7,0,0
469,mandiri,adj,0,1,0
469,beda,n,0,1,0
469,bentuk,n,1,1,0
469,garis,n,0,1,0
469,anggap,v,1,1,0
470,tolong,v,5,0,0
471,maaf,n,0,1,1
471,alam,n,1,1,1
471,manual,adj,0,1,1
472,balas,v,0,1,1
472,cek,n,2,0,1
473,merah,n,1,1,0
475,maaf,n,0,1,1
475,alam,n,1,1,1
475,manual,adj,0,1,1
476,kasih,n,4,0,0
476,potong,n,1,1,0
476,posisi,n,2,1,0
477,tolong,v,5,0,0
477,jalan,n,1,1,0
480,baik,adj,12,0,1
480,kasih,n,4,0,1
480,mohon,v,1,0,1
480,tunggu,v,0,1,1
480,salam,n,3,0,1
481,nama,n,1,0,1
481,lengkap,adj,3,0,1
482,cek,n,2,0,1
483,cek,n,2,0,0
483,salah,v,0,2,0
484,mohon,v,1,0,1
484,maaf,n,0,1,1
484,bonus,n,1,0,1
484,cek,n,2,0,1
485,cek,n,2,0,1
486,mohon,v,1,0,1
486,maaf,n,0,1,1
486,mohon,v,1,0,1
486,sisa,n,0,1,1
486,aktif,adj,6,2,1
487,salah,v,0,2,0
488,jelek,adj,1,2,0
488,sumpah,n,1,2,0
490,tolong,v,5,0,0
491,maaf,n,0,1,1
491,alam,n,1,1,1
491,agar,k,1,0,1
491,cek,n,2,0,1
492,hari,n,4,0,0
492,habis,v,2,0,0
493,sobat,n,1,0,0
494,cek,n,2,0,1
496,niat,n,0,1,0
496,proses,n,0,1,0
498,maaf,n,0,1,1
498,alam,n,1,1,1
498,manual,adj,0,1,1
500,cek,n,2,0,1
501,ribut,adj,1,1,0
501,putus,v,1,2,0
501,masuk,v,1,0,0
502,mohon,v,1,0,1
502,cek,n,2,0,1
503,kek,n,0,1,0
503,sampah,n,3,1,0
504,senang,adj,7,3,1
506,tukar,v,1,1,0
506,lambat,adj,0,3,0
507,maaf,n,0,1,1
507,alam,n,1,1,1
507,rasa,n,5,3,1
507,cek,n,2,0,1
507,balas,v,0,1,1
508,maaf,n,0,1,1
508,alam,n,1,1,1
508,turun,v,1,6,1
511,habis,v,2,0,0
511,habis,v,2,0,0
511,hilang,v,0,10,0
512,mas,n,0,1,1
512,maaf,n,0,1,1
512,mohon,v,1,0,1
512,nama,n,1,0,1
513,mohon,v,1,0,1
513,sisa,n,0,1,1
513,nama,n,1,0,1
515,lambat,adj,0,3,0
515,kosong,adj,3,15,0
517,cegah,v,1,0,0
518,cek,n,2,0,1
519,tolong,v,5,0,0
519,cek,n,2,0,0
520,aplikasi,n,1,0,1
520,baru,adj,6,5,1
520,sesuai,n,2,0,1
520,kapasitas,n,2,0,1
520,salam,n,3,0,1
521,mohon,v,1,0,0
521,gagal,v,0,11,0
522,mohon,v,1,0,0
522,main,v,3,0,0
522,aplikasi,n,1,0,0
523,isi,n,1,0,0
523,masuk,v,1,0,0
524,mohon,v,1,0,1
524,cek,n,2,0,1
525,mohon,v,1,0,1
525,maaf,n,0,1,1
525,jadi,v,1,1,1
525,kasih,n,4,0,1
527,main,v,3,0,0
527,muncul,v,3,2,0
528,maaf,n,0,1,1
528,alam,n,1,1,1
528,cek,n,2,0,1
528,nama,n,1,0,1
529,cerita,n,0,1,0
531,cek,n,2,0,1
532,cek,n,2,0,1
533,kek,n,0,1,0
534,salah,v,0,2,0
544,ada,v,5,0,0
544,khusus,adj,1,1,0
544,aktif,adj,6,2,0
545,tolong,v,5,0,1
546,maaf,n,0,1,1
546,alam,n,1,1,1
547,tolong,v,5,0,0
547,cek,n,2,0,0
549,kembali,v,1,0,0
550,jelek,adj,1,2,0
550,tolong,v,5,0,0
550,baik,adj,12,0,0
552,maaf,n,0,1,1
552,nyaman,adj,3,1,1
552,agar,k,1,0,1
552,sesuai,n,2,0,1
553,hutan,n,0,2,0
553,masuk,v,1,0,0
554,hutan,n,0,2,0
554,masuk,v,1,0,0
555,tolong,v,5,0,0
555,cek,n,2,0,0
556,cek,n,2,0,1
557,cek,n,2,0,1
558,kecewa,adj,0,3,0
558,kali,n,1,0,0
558,hasil,n,3,2,0
558,buang,v,1,4,0
559,kasih,n,4,0,1
559,mohon,v,1,0,1
559,cek,n,2,0,1
560,hilang,v,0,10,0
563,gagal,v,0,11,0
566,cek,n,2,0,1
566,salam,n,3,0,1
570,kasih,n,4,0,1
572,mogok,v,0,11,0
572,kerja,n,3,1,0
572,brengsek,adj,0,1,0
573,mohon,v,1,0,1
573,maaf,n,0,1,1
574,masuk,v,1,0,0
575,maaf,n,0,1,1
575,alam,n,1,1,1
576,normal,adj,2,2,1
576,pasti,adj,6,6,1
577,tenggelam,v,1,3,0
577,baik,adj,12,0,0
577,cara,n,7,0,0
577,manual,adj,0,1,0
578,balas,v,0,1,1
578,cek,n,2,0,1
578,salam,n,3,0,1
579,tolong,v,5,0,0
579,cek,n,2,0,0
580,cek,n,2,0,0
580,adu,v,0,1,0
581,pasti,adj,6,6,1
581,bonus,n,1,0,1
581,masuk,v,1,0,1
582,maaf,n,0,1,1
582,nyaman,adj,3,1,1
582,aplikasi,n,1,0,1
584,mohon,v,1,0,1
584,maaf,n,0,1,1
584,manual,adj,0,1,1
585,kelas,n,2,0,0
586,cek,n,2,0,0
586,wilayah,n,3,1,0
587,cek,n,2,0,0
587,daerah,n,4,2,0
588,balas,v,0,1,1
588,cek,n,2,0,1
589,baca,v,1,0,0
592,kerja,n,3,1,0
593,selamat,adj,3,2,0
593,muncul,v,3,2,0
594,maaf,n,0,1,1
594,bonus,n,1,0,1
594,oleh,k,0,1,1
594,nama,n,1,0,1
595,salam,n,3,0,1
596,maaf,n,0,1,1
596,alam,n,1,1,1
596,masalah,n,2,7,1
596,balas,v,0,1,1
597,rusak,adj,0,1,0
597,proses,n,0,1,0
598,bonus,n,1,0,0
599,selamat,adj,3,2,0
599,pandu,n,1,0,0
600,salam,n,3,0,1
603,salam,n,3,0,1
604,suka,adj,3,1,0
604,potong,n,1,1,0
604,potong,n,1,1,0
607,sesuai,n,2,0,0
608,buka,v,1,2,0
608,habis,v,2,0,0
609,aktif,adj,6,2,1
610,aktif,adj,6,2,0
611,maaf,n,0,1,1
611,alam,n,1,1,1
611,pasti,adj,6,6,1
613,niat,n,0,1,0
613,gagal,v,0,11,0
613,gagal,v,0,11,0
613,aplikasi,n,1,0,0
613,aplikasi,n,1,0,0
614,tolong,v,5,0,0
614,cek,n,2,0,0
615,tolong,v,5,0,0
615,cek,n,2,0,0
615,suka,adj,3,1,0
615,alas,n,1,3,0
615,masuk,v,1,0,0
615,akal,n,3,1,0
616,alam,n,1,1,1
616,balas,v,0,1,1
616,cek,n,2,0,1
617,maaf,n,0,1,1
617,nyaman,adj,3,1,1
617,agar,k,1,0,1
617,aktif,adj,6,2,1
618,suka,adj,3,1,0
619,isi,n,1,0,0
619,soal,n,1,1,0
621,cek,n,2,0,1
622,salam,n,3,0,1
623,kena,v,0,1,0
624,maaf,n,0,1,1
624,lambat,adj,0,3,1
625,lambat,adj,0,3,0
626,pal,n,1,0,1
627,luka,n,0,5,0
628,tolong,v,5,0,0
629,baik,adj,12,0,1
629,ragu,adj,1,0,1
629,bu,n,1,0,1
630,baik,adj,12,0,0
631,cek,n,2,0,1
631,salam,n,3,0,1
634,mohon,v,1,0,1
634,maaf,n,0,1,1
634,mohon,v,1,0,1
635,balas,v,0,1,1
635,cek,n,2,0,1
635,salam,n,3,0,1
638,balas,v,0,1,1
639,baik,adj,12,0,1
639,ragu,adj,1,0,1
641,jadi,v,1,1,0
642,maaf,n,0,1,1
642,nama,n,1,0,1
643,ganggu,v,0,3,0
644,maaf,n,0,1,1
645,panggil,v,4,1,0
645,cek,n,2,0,0
646,tempat,n,2,1,1
647,balas,v,0,1,1
647,cek,n,2,0,1
647,salam,n,3,0,1
648,tolong,v,5,0,0
648,ketat,adj,6,6,0
648,beri,v,0,1,0
649,mohon,v,1,0,1
649,maaf,n,0,1,1
649,nama,n,1,0,1
650,jaga,v,4,4,1
650,cek,n,2,0,1
653,cek,n,2,0,1
654,tolong,v,5,0,1
654,cek,n,2,0,1
655,buka,v,1,2,0
655,sehat,adj,2,0,0
657,cek,n,2,0,1
658,jelek,adj,1,2,0
659,maaf,n,0,1,1
659,mohon,v,1,0,1
659,nama,n,1,0,1
661,cek,n,2,0,1
663,lambat,adj,0,3,0
665,mohon,v,1,0,1
665,maaf,n,0,1,1
665,bersih,adj,14,4,1
667,mudah,adj,5,4,0
668,buka,v,1,2,1
670,lambat,adj,0,3,0
672,mohon,v,1,0,1
672,maaf,n,0,1,1
672,manual,adj,0,1,1
674,buat,v,1,1,0
674,buka,v,1,2,0
676,buat,v,1,1,0
676,cek,n,2,0,0
676,kuat,adj,17,8,0
676,wilayah,n,3,1,0
677,pasti,adj,6,6,1
677,sesuai,n,2,0,1
678,bapuk,n,1,0,0
679,buat,v,1,1,0
679,main,v,3,0,0
679,kaya,adj,2,2,0
679,bego,adj,0,2,0
680,malam,n,0,1,1
680,maaf,n,0,1,1
680,salam,n,3,0,1
681,payah,adj,1,7,0
682,cek,n,2,0,1
685,cek,n,2,0,1
686,maaf,n,0,1,1
686,saat,n,1,1,1
686,proses,n,0,1,1
686,mohon,v,1,0,1
686,tunggu,v,0,1,1
687,lambat,adj,0,3,0
688,cek,n,2,0,1
689,tolong,v,5,0,0
689,cek,n,2,0,0
690,salam,n,3,0,1
691,daerah,n,4,2,0
691,rendah,adj,1,18,0
691,lambat,adj,0,3,0
692,malam,n,0,1,1
692,maaf,n,0,1,1
692,salam,n,3,0,1
693,cek,n,2,0,1
694,kaya,adj,2,2,0
695,tolong,v,5,0,1
695,cek,n,2,0,1
696,cek,n,2,0,1
697,maaf,n,0,1,1
697,alam,n,1,1,1
697,aplikasi,n,1,0,1
699,nama,n,1,0,1
700,maaf,n,0,1,1
701,gagal,v,0,11,0
702,hilang,v,0,10,0
702,hilang,v,0,10,0
703,salam,n,3,0,1
704,bekas,n,0,1,0
704,lambat,adj,0,3,0
704,gagal,v,0,11,0
705,cek,n,2,0,1
705,cantik,adj,15,0,1
706,buat,v,1,1,0
706,main,v,3,0,0
707,cek,n,2,0,1
709,cek,n,2,0,1
710,kena,v,0,1,0
711,cek,n,2,0,1
712,tolong,v,5,0,0
713,masuk,v,1,0,1
715,tolong,v,5,0,0
715,cek,n,2,0,0
716,cek,n,2,0,0
716,bonus,n,1,0,0
716,isi,n,1,0,0
716,bonus,n,1,0,0
717,cek,n,2,0,1
718,maaf,n,0,1,1
718,nyaman,adj,3,1,1
719,maaf,n,0,1,1
719,proses,n,0,1,1
720,cek,n,2,0,1
721,maaf,n,0,1,1
721,cek,n,2,0,1
721,masuk,v,1,0,1
721,cek,n,2,0,1
722,cek,n,2,0,1
723,tolong,v,5,0,0
723,belakang,n,1,1,0
724,salam,n,3,0,1
725,tolong,v,5,0,1
725,cek,n,2,0,1
726,cek,n,2,0,1
726,kasih,n,4,0,1
727,cek,n,2,0,1
728,aplikasi,n,1,0,0
729,cek,n,2,0,1
730,hilang,v,0,10,0
731,cek,n,2,0,1
735,potong,n,1,1,0
736,tolong,v,5,0,0
737,tukar,v,1,1,0
737,tukar,v,1,1,0
737,proses,n,0,1,0
738,tolong,v,5,0,0
739,maaf,n,0,1,1
739,alam,n,1,1,1
739,cek,n,2,0,1
739,nama,n,1,0,1
741,mohon,v,1,0,1
741,maaf,n,0,1,1
741,jadi,v,1,1,1
741,kasih,n,4,0,1
742,ganggu,v,0,3,0
743,waktu,n,4,1,1
743,jadi,v,1,1,1
743,tanggal,v,1,0,1
744,maaf,n,0,1,1
744,alam,n,1,1,1
744,masuk,v,1,0,1
745,pas,n,1,0,0
745,tanggal,v,1,0,0
745,jatuh,v,3,12,0
746,tolong,v,5,0,0
746,baik,adj,12,0,0
746,daerah,n,4,2,0
746,parah,adj,1,4,0
747,mohon,v,1,0,1
747,maaf,n,0,1,1
747,mohon,v,1,0,1
747,nama,n,1,0,1
748,balas,v,0,1,1
748,cek,n,2,0,1
748,salam,n,3,0,1
749,ganggu,v,0,3,0
749,isi,n,1,0,0
749,buka,v,1,2,0
750,mohon,v,1,0,1
750,maaf,n,0,1,1
750,alam,n,1,1,1
750,balas,v,0,1,1
752,baik,adj,12,0,1
752,maaf,n,0,1,1
752,nama,n,1,0,1
752,sisa,n,0,1,1
753,mohon,v,1,0,1
753,cek,n,2,0,1
753,kasih,n,4,0,1
754,maaf,n,0,1,1
754,alam,n,1,1,1
754,lengkap,adj,3,0,1
754,balas,v,0,1,1
755,masuk,v,1,0,0
756,maaf,n,0,1,1
756,alam,n,1,1,1
756,izin,n,1,0,1
758,cek,n,2,0,1
758,masuk,v,1,0,1
759,kali,n,1,0,0
761,maaf,n,0,1,1
761,nyaman,adj,3,1,1
762,cek,n,2,0,1
763,lambat,adj,0,3,0
764,mohon,v,1,0,0
765,mohon,v,1,0,1
765,cek,n,2,0,1
766,kasih,n,4,0,1
767,mikro,adj,0,1,1
768,maaf,n,0,1,1
768,potong,n,1,1,1
768,nama,n,1,0,1
768,sisa,n,0,1,1
770,nama,n,1,0,0
771,kecewa,adj,0,3,0
771,kompensasi,n,0,1,0
771,ganggu,v,0,3,0
771,mati,v,1,4,0
773,baik,adj,12,0,1
773,maaf,n,0,1,1
773,agar,k,1,0,1
773,cek,n,2,0,1
774,salam,n,3,0,1
775,selamat,adj,3,2,1
775,mohon,v,1,0,1
775,cek,n,2,0,1
777,masuk,v,1,0,1
780,maaf,n,0,1,1
780,nama,n,1,0,1
782,maaf,n,0,1,1
782,nyaman,adj,3,1,1
782,balas,v,0,1,1
782,cek,n,2,0,1
784,lambat,adj,0,3,0
786,ada,v,5,0,0
787,lambat,adj,0,3,0
787,kali,n,1,0,0
787,kali,n,1,0,0
787,lambat,adj,0,3,0
787,lancar,adj,2,2,0
788,lambat,adj,0,3,0
793,maaf,n,0,1,1
793,alam,n,1,1,1
793,pasti,adj,6,6,1
793,turun,v,1,6,1
794,isi,n,1,0,0
794,mohon,v,1,0,0
794,cek,n,2,0,0
795,masalah,n,2,7,0
795,tuntas,adj,1,0,0
796,maaf,n,0,1,1
796,alam,n,1,1,1
796,agar,k,1,0,1
796,cek,n,2,0,1
796,gagal,v,0,11,1
798,gagal,v,0,11,0
799,balas,v,0,1,1
799,alam,n,1,1,1
799,cek,n,2,0,1
800,problem,n,0,1,1
801,maaf,n,0,1,1
801,nyaman,adj,3,1,1
801,manual,adj,0,1,1
802,lambat,adj,0,3,0
802,kaya,adj,2,2,0
804,sukses,adj,1,0,0
804,buat,v,1,1,0
804,sehat,adj,2,0,0
805,tarik,v,0,1,1
805,ikut,v,3,1,1
807,kek,n,0,1,0
807,hamba,n,1,2,0
808,maaf,n,0,1,1
808,alam,n,1,1,1
808,masalah,n,2,7,1
808,balas,v,0,1,1
809,mohon,v,1,0,1
809,cek,n,2,0,1
809,lupa,v,1,1,1
809,jaga,v,4,4,1
809,sehat,adj,2,0,1
810,sungguh,adj,0,2,0
810,kasih,n,4,0,0
811,lebar,adj,2,0,0
812,wajar,adj,14,1,0
812,kesal,adj,0,1,0
812,isi,n,1,0,0
812,potong,n,1,1,0
813,balas,v,0,1,1
813,cek,n,2,0,1
814,mohon,v,1,0,1
814,cek,n,2,0,1
815,cek,n,2,0,1
816,nama,n,1,0,0
818,baik,adj,12,0,1
818,salam,n,3,0,1
820,maaf,n,0,1,1
820,alam,n,1,1,1
820,masalah,n,2,7,1
820,balas,v,0,1,1
821,cek,n,2,0,1
823,maaf,n,0,1,1
823,nyaman,adj,3,1,1
823,pasti,adj,6,6,1
824,tahu,v,4,0,0
825,cek,n,2,0,1
826,hilang,v,0,10,0
827,mohon,v,1,0,1
827,maaf,n,0,1,1
827,pasti,adj,6,6,1
829,main,v,3,0,0
830,gila,adj,4,9,0
830,hilang,v,0,10,0
830,ubah,v,0,1,0
831,telat,adj,0,1,0
832,susah,adj,2,10,0
832,susah,adj,2,10,0
832,cek,n,2,0,0
833,maaf,n,0,1,1
833,potong,n,1,1,1
833,cek,n,2,0,1
833,nama,n,1,0,1
836,tolong,v,5,0,1
836,cek,n,2,0,1
837,cek,n,2,0,1
838,maaf,n,0,1,1
838,alam,n,1,1,1
838,aplikasi,n,1,0,1
838,jalan,n,1,1,1
839,mohon,v,1,0,0
840,maaf,n,0,1,1
840,alam,n,1,1,1
840,masalah,n,2,7,1
840,balas,v,0,1,1
841,sumpah,n,1,2,0
841,emosi,n,2,0,0
841,lambat,adj,0,3,0
842,cek,n,2,0,1
843,maaf,n,0,1,1
843,alam,n,1,1,1
843,masalah,n,2,7,1
843,balas,v,0,1,1
844,tolong,v,5,0,0
846,ganggu,v,0,3,0
846,kerja,n,3,1,0
847,tangan,n,2,0,1
847,hasil,n,3,2,1
849,tolong,v,5,0,0
849,balas,v,0,1,0
850,lambat,adj,0,3,0
852,maaf,n,0,1,1
852,nama,n,1,0,1
852,jadi,v,1,1,1
852,nama,n,1,0,1
853,melar,adj,1,0,0
853,bagus,adj,12,0,0
854,untung,n,1,0,0
855,malam,n,0,1,0
855,hasil,n,3,2,0
855,cek,n,2,0,0
856,melar,adj,1,0,0
857,mudah,adj,5,4,0
857,aplikasi,n,1,0,0
857,aplikasi,n,1,0,0
857,agar,k,1,0,0
857,cepat,adj,9,3,0
859,mohon,v,1,0,1
859,maaf,n,0,1,1
859,nama,n,1,0,1
860,baik,adj,12,0,1
860,mohon,v,1,0,1
860,maaf,n,0,1,1
860,nama,n,1,0,1
863,mohon,v,1,0,1
863,maaf,n,0,1,1
863,aplikasi,n,1,0,1
863,jalan,n,1,1,1
864,mohon,v,1,0,1
864,maaf,n,0,1,1
866,aktif,adj,6,2,0
867,kena,v,0,1,0
868,maaf,n,0,1,1
868,nyaman,adj,3,1,1
869,mohon,v,1,0,1
869,maaf,n,0,1,1
869,nama,n,1,0,1
869,cek,n,2,0,1
870,ikhlas,adj,3,0,0
870,dasar,n,3,3,0
870,kapitalis,n,1,0,0
870,kaki,n,1,4,0
870,hidup,v,6,1,0
872,rusak,adj,0,1,0
873,balas,v,0,1,1
873,lupa,v,1,1,1
873,jaga,v,4,4,1
873,sehat,adj,2,0,1
874,cari,v,1,0,0
874,susah,adj,2,10,0
875,ilmu,n,3,0,0
878,cek,n,2,0,1
879,tolong,v,5,0,0
879,kenal,v,3,0,0
879,potong,n,1,1,0
880,baik,adj,12,0,1
880,balas,v,0,1,1
880,jaga,v,4,4,1
880,sehat,adj,2,0,1
882,mohon,v,1,0,1
882,maaf,n,0,1,1
882,alam,n,1,1,1
882,saat,n,1,1,1
883,jelas,adj,15,3,0
883,kaya,adj,2,2,0
884,hana,adj,0,1,1
884,mohon,v,1,0,1
884,maaf,n,0,1,1
884,alam,n,1,1,1
884,saat,n,1,1,1
885,mohon,v,1,0,1
885,maaf,n,0,1,1
885,aplikasi,n,1,0,1
885,jalan,n,1,1,1
886,baik,adj,12,0,1
886,maaf,n,0,1,1
886,nyaman,adj,3,1,1
886,selamat,adj,3,2,1
886,mimpi,n,1,1,1
886,indah,adj,9,1,1
886,salam,n,3,0,1
887,jelek,adj,1,2,0
887,lambat,adj,0,3,0
887,kaya,adj,2,2,0
887,otak,n,3,1,0
889,maaf,n,0,1,1
889,nyaman,adj,3,1,1
889,agar,k,1,0,1
890,pacar,n,1,0,0
890,hilang,v,0,10,0
893,mohon,v,1,0,1
893,maaf,n,0,1,1
894,putus,v,1,2,0
894,problem,n,0,1,0
895,cek,n,2,0,1
896,lambat,adj,0,3,0
896,mati,v,1,4,0
896,lampu,n,5,2,0
897,baik,adj,12,0,0
898,buruk,adj,0,18,0
898,biasa,adj,12,12,0
898,bagus,adj,12,0,0
898,bagus,adj,12,0,0
899,tolong,v,5,0,1
899,cek,n,2,0,1
900,aplikasi,n,1,0,1
902,enak,adj,10,1,0
902,gada,n,1,0,0
904,cek,n,2,0,1
905,mohon,v,1,0,1
905,maaf,n,0,1,1
905,alam,n,1,1,1
905,saat,n,1,1,1
906,cek,n,2,0,1
907,mohon,v,1,0,1
907,maaf,n,0,1,1
907,jadi,v,1,1,1
907,kasih,n,4,0,1
908,mohon,v,1,0,1
908,maaf,n,0,1,1
909,hobi,n,2,0,0
910,wilayah,n,3,1,0
911,korupsi,n,2,0,0
914,gede,adj,3,0,0
914,boros,adj,0,1,0
916,baik,adj,12,0,0
916,pasti,adj,6,6,0
916,sesuai,n,2,0,0
916,salam,n,3,0,0
917,ngeri,adj,0,4,0
918,baik,adj,12,0,0
918,aplikasi,n,1,0,0
921,jalan,n,1,1,1
922,maaf,n,0,1,1
922,manual,adj,0,1,1
922,masuk,v,1,0,1
923,betul,adj,8,1,0
923,pas,n,1,0,0
923,suka,adj,3,1,0
923,hilang,v,0,10,0
923,utama,adj,12,1,0
924,bolak,adj,0,1,0
924,hasil,n,3,2,0
925,maaf,n,0,1,1
925,alam,n,1,1,1
926,kek,n,0,1,0
926,kek,n,0,1,0
927,maaf,n,0,1,1
927,mohon,v,1,0,1
927,nama,n,1,0,1
928,komentar,n,1,0,0
931,bangsat,n,0,7,0
931,main,v,3,0,0
931,hilang,v,0,10,0
932,ragu,adj,1,0,1
933,tolong,v,5,0,0
933,baca,v,1,0,0
936,isi,n,1,0,0
936,lambat,adj,0,3,0
937,cek,n,2,0,1
938,maju,v,5,0,0
938,harap,v,1,1,0
938,khusus,adj,1,1,0
939,ragu,adj,1,0,1
940,nama,n,1,0,1
940,aktif,adj,6,2,1
940,sisa,n,0,1,1
940,bukti,n,4,0,1
941,sumpah,n,1,2,0
942,mohon,v,1,0,1
942,cek,n,2,0,1
942,balas,v,0,1,1
942,salam,n,3,0,1
943,isi,n,1,0,0
943,masuk,v,1,0,0
944,tolong,v,5,0,0
944,cek,n,2,0,0
945,cek,n,2,0,1
947,hujan,n,0,1,0
947,angin,n,2,0,0
947,rusak,adj,0,1,0
948,masuk,v,1,0,0
948,mohon,v,1,0,0
950,cek,n,2,0,1
950,masalah,n,2,7,1
952,mohon,v,1,0,1
952,maaf,n,0,1,1
952,jadi,v,1,1,1
952,kasih,n,4,0,1
953,isi,n,1,0,0
953,lama,adj,1,4,0
953,hilang,v,0,10,0
954,tolong,v,5,0,0
954,cek,n,2,0,0
955,cek,n,2,0,1
955,sesuai,n,2,0,1
956,jelek,adj,1,2,0
958,utama,adj,12,1,0
958,aplikasi,n,1,0,0
959,maaf,n,0,1,1
959,alam,n,1,1,1
960,susah,adj,2,10,0
963,jelek,adj,1,2,0
964,tolong,v,5,0,0
964,baik,adj,12,0,0
964,stabil,adj,1,3,0
964,nyaman,adj,3,1,0
965,tolong,v,5,0,0
965,cek,n,2,0,0
966,mudah,adj,5,4,1
966,nama,n,1,0,1
967,potong,n,1,1,0
967,cek,n,2,0,0
967,aplikasi,n,1,0,0
968,mohon,v,1,0,1
968,maaf,n,0,1,1
968,jadi,v,1,1,1
968,kasih,n,4,0,1
969,mohon,v,1,0,0
969,baca,v,1,0,0
972,jalan,n,1,1,1
973,aktif,adj,6,2,0
973,tolong,v,5,0,0
974,hilang,v,0,10,0
974,aneh,adj,6,9,0
975,masuk,v,1,0,0
975,masuk,v,1,0,0
977,baik,adj,12,0,1
977,takdir,n,1,0,1
978,mudah,adj,5,4,0
978,aplikasi,n,1,0,0
978,aplikasi,n,1,0,0
978,agar,k,1,0,0
978,cepat,adj,9,3,0
980,mohon,v,1,0,1
980,maaf,n,0,1,1
980,jadi,v,1,1,1
980,kasih,n,4,0,1
981,lambat,adj,0,3,0
982,kecewa,adj,0,3,0
983,habis,v,2,0,0
983,hujan,n,0,1,0
983,lambat,adj,0,3,0
983,tolong,v,5,0,0
984,mas,n,0,1,0
984,aktif,adj,6,2,0
985,salam,n,3,0,1
987,cek,n,2,0,1
988,mohon,v,1,0,1
988,maaf,n,0,1,1
988,jadi,v,1,1,1
988,kasih,n,4,0,1
989,cek,n,2,0,1
989,muncul,v,3,2,1
990,baik,adj,12,0,0
990,hari,n,4,0,0
990,kek,n,0,1,0
991,jelek,adj,1,2,0
992,kek,n,0,1,0
992,kasih,n,4,0,0
992,bintang,n,1,0,0
992,jijik,adj,0,3,0
992,kali,n,1,0,0
992,kek,n,0,1,0
